ticker,title,summary,publish_time,url,provider,type
NVDA,"Nvidia, AMD fall on Trump admin. reports; Morgan Stanley job cuts","Yahoo Finance Senior Producer John Hyland tracks Thursday's top moving stocks and biggest market stories in this Market Minute. Morgan Stanley (MS) is cutting 3% of its global workforce. Nvidia (NVDA) and AMD (AMD) stocks are down following a Bloomberg report on potential new regulations from the Trump administration governing global artificial intelligence (AI) chip sales. Stay up to date on the latest market action, minute-by-minute, with Yahoo Finance's Market Minute.",2026-03-05T18:24:59Z,https://finance.yahoo.com/video/nvidia-amd-fall-trump-admin-182459698.html,Yahoo Finance Video,VIDEO
NVDA,CPUs are back en vogue in the data center,CPUs are back in style thanks to AI.,2026-03-04T18:45:04Z,https://finance.yahoo.com/news/cpus-are-back-en-vogue-in-the-data-center-184504720.html,Yahoo Finance,STORY
NVDA,"What's the Better Buy Right Now With $1,000: XRP, or Cardano?","One of these coins has a roadmap for success, and the other has a process that feels rigorous.",2026-03-05T18:27:00Z,https://www.fool.com/investing/2026/03/05/whats-the-better-buy-right-now-with-1000-xrp-or-ca/,Motley Fool,STORY
NVDA,"Prediction Markets Let You Bet on Anything, but This AI Stock Is the Surest Bet I've Seen",Investors should cast a wide net when looking for lucrative artificial intelligence (AI) stocks.,2026-03-05T18:25:00Z,https://www.fool.com/investing/2026/03/05/prediction-markets-let-you-bet-on-anything-but-thi/,Motley Fool,STORY
NVDA,2 EV Stocks to Buy in March,Nio and Rivian are both underappreciated EV plays.,2026-03-05T18:22:42Z,https://www.fool.com/investing/2026/03/05/2-ev-stocks-to-buy-in-march/,Motley Fool,STORY
NVDA,Nvidia sinks on report of global AI chip export rules,Investing.com -- NVIDIA Corporation (NASDAQ:NVDA) fell 1.7% Thursday afternoon and Advanced Micro Devices (NASDAQ:AMD) dropped 2% after Bloomberg reported that the Trump administration is drafting regulations requiring licenses for AI chip exports worldwide.,2026-03-05T18:09:24Z,https://finance.yahoo.com/news/nvidia-sinks-report-global-ai-180924078.html,Investing.com,STORY
NVDA,How Being Early to the Market Cost These Companies Tens of Billions,"Being early to the EV market may have cost these automakers billions, but history says the alternative could have been worse.",2026-03-05T18:07:00Z,https://www.fool.com/investing/2026/03/05/how-being-early-to-the-market-cost-these-companies/,Motley Fool,STORY
NVDA,Why Shares of Victoria's Secret Were Pulling Back Today,A strong earnings report wasn't enough to push Victoria's Secret higher.,2026-03-05T18:01:43Z,https://www.fool.com/investing/2026/03/05/why-shares-of-victorias-secret-were-pulling-back-t/,Motley Fool,STORY
NVDA,Needles in a Haystack: 3 Cathie Wood Stocks That Pay Dividends,"In addition to their impressive stock price rises over the years, each of these disruptive tech companies puts some money directly into their shareholders' pockets.",2026-03-05T17:50:00Z,https://www.fool.com/investing/2026/03/05/needles-in-a-haystack-3-cathie-wood-stocks-that-pa/,Motley Fool,STORY
NVDA,"US Mulls Requiring Permits for Global Nvidia, AMD AI Chip Sales","Now, the Trump administration is considering taking a formal role in the industry that would include similarly sweeping powers.  US officials have written draft regulations that would restrict AI chip shipments to anywhere in the world without American approval, giving Washington broad control over whether other countries can build facilities for training and running artificial-intelligence models — and under what conditions.  The proposed regulations would require companies to seek US permission for virtually all exports of AI accelerators from the likes of Nvidia and Advanced Micro Devices Inc., a global expansion of curbs that currently cover around 40 countries, according to people familiar with the matter.",2026-03-05T17:41:26Z,https://finance.yahoo.com/news/us-mulls-requiring-permits-global-174126617.html,Bloomberg,STORY
MSFT,Big Tech signs Trump's AI energy cost pledge,"President Trump announced a new ""ratepayer protection pledge,"" saying energy demand tied to AI data centers could more than triple by 2035, promising American households won't see higher electricity bills as a result. Yahoo Finance Senior Reporter Jennifer Schonberger joins Yahoo Finance host Josh Lipton to discuss the big tech companies under the agreement, Google (GOOG), Microsoft (MSFT), Oracle (ORCL), OpenAI (OPAI.PVT), Amazon (AMZN), and xAI, and their pledge to fully fund new power generation and infrastructure needed for their AI facilities. To watch more expert insights and analysis on the latest market action, check out more Market Domination.",2026-03-04T22:04:12Z,https://finance.yahoo.com/video/big-tech-signs-trumps-ai-220412912.html,Yahoo Finance Video,VIDEO
MSFT,"US Mulls Requiring Permits for Global Nvidia, AMD AI Chip Sales","Now, the Trump administration is considering taking a formal role in the industry that would include similarly sweeping powers.  US officials have written draft regulations that would restrict AI chip shipments to anywhere in the world without American approval, giving Washington broad control over whether other countries can build facilities for training and running artificial-intelligence models — and under what conditions.  The proposed regulations would require companies to seek US permission for virtually all exports of AI accelerators from the likes of Nvidia and Advanced Micro Devices Inc., a global expansion of curbs that currently cover around 40 countries, according to people familiar with the matter.",2026-03-05T17:41:26Z,https://finance.yahoo.com/news/us-mulls-requiring-permits-global-174126617.html,Bloomberg,STORY
MSFT,"Apple, Microsoft, Palantir Lead Wedbush Top Tech Picks Amid Iran Tensions",CrowdStrike and Palo Alto Shine as AI-Driven Cybersecurity Gains Traction,2026-03-05T16:59:07Z,https://finance.yahoo.com/news/apple-microsoft-palantir-lead-wedbush-165907289.html,GuruFocus.com,STORY
MSFT,AMD Expands AI Portfolio With New Ryzen Chips: Can the Tech Deliver?,"AMD expands Ryzen AI 400 Series and PRO chips for next-gen AI PCs, adding Copilot+ support and up to 60 TOPS of AI compute to push deeper into the AI PC market.",2026-03-05T16:31:00Z,https://finance.yahoo.com/news/amd-expands-ai-portfolio-ryzen-163100046.html,Zacks,STORY
MSFT,Top Midday Stories: Broadcom Shares Rise After Q1 Beat; OpenAI in Talks With Trade Desk on Ad Sales Partnership,"All three major US stock indexes were down in late-morning trading Thursday, as investors continue t",2026-03-05T16:30:30Z,https://finance.yahoo.com/news/top-midday-stories-broadcom-shares-163030068.html,MT Newswires,STORY
MSFT,"Stocks to Watch Thursday: Broadcom, Okta, Trade Desk","↗️ Broadcom (AVGO): The chip and software maker's quarterly results beat forecasts. Artificial-intelligence revenue more than doubled. Shares rallied 5% Thursday morning. ↘️ Morgan Stanley (MS): The bank is laying off around 3% of its workforce, or about 2,500 people, across its three main divisions, WSJ reported.",2026-03-05T15:27:42Z,https://www.wsj.com/livecoverage/stock-market-today-dow-sp-500-nasdaq-03-05-2026/card/stocks-to-watch-thursday-broadcom-stubhub-cracker-barrel-oBWSz38TfDcptuhcq4gQ?siteid=yhoof2&yptr=yahoo,The Wall Street Journal,STORY
MSFT,Nebius Boosts Infrastructure Expansion With 1.2GW AI Factory Approval,"NBIS wins approval for Chapter 100 incentives to build a 1.2-GW AI factory campus in Independence, a 400-acre project central to its long-term U.S. expansion.",2026-03-05T15:19:00Z,https://finance.yahoo.com/news/nebius-boosts-infrastructure-expansion-1-151900844.html,Zacks,STORY
MSFT,Software Stocks Are Roaring Back,"The Nasdaq Composite is riding a rally in software stocks back into positive territory. The iShares Expanded Tech-Software Sector ETF, or IGV, rallied 2.6% after joining in on Wednesday's risk-on rally.",2026-03-05T15:02:05Z,https://www.barrons.com/livecoverage/stock-market-news-today-030526/card/software-stocks-are-roaring-back-FqKpDAni57VtSO0IzxWy?siteid=yhoof2&yptr=yahoo,Barrons.com,STORY
MSFT,War Risk Is Real and QQQ Investors Simply Do Not Care,"Oil is up double digits in a month, the VIX is sitting at 23.57, and Reddit is calling it “Black Swan Territory” — yet the retail crowd holding NVIDIA, Meta, and Microsoft is not selling. The Invesco QQQ Trust (NASDAQ:QQQ) is down 0.71% over the past week and 1.08% over the past month, yet retail ... War Risk Is Real and QQQ Investors Simply Do Not Care",2026-03-05T14:41:58Z,https://247wallst.com/investing/2026/03/05/war-risk-is-real-and-qqq-investors-simply-do-not-care/,24/7 Wall St.,STORY
MSFT,The Mag 7 Are Dead. How the Hottest Trade of the Decade Fizzled Out.,"Sure, they had a great run. But they were overpriced, free-spending—and, as it turns out, vulnerable to AI.",2026-03-05T14:36:00Z,https://www.barrons.com/articles/mag-7-stocks-dead-nvidia-facebook-amazon-google-03726dbb?siteid=yhoof2&yptr=yahoo,Barrons.com,STORY
GOOGL,Big Tech signs Trump's AI energy cost pledge,"President Trump announced a new ""ratepayer protection pledge,"" saying energy demand tied to AI data centers could more than triple by 2035, promising American households won't see higher electricity bills as a result. Yahoo Finance Senior Reporter Jennifer Schonberger joins Yahoo Finance host Josh Lipton to discuss the big tech companies under the agreement, Google (GOOG), Microsoft (MSFT), Oracle (ORCL), OpenAI (OPAI.PVT), Amazon (AMZN), and xAI, and their pledge to fully fund new power generation and infrastructure needed for their AI facilities. To watch more expert insights and analysis on the latest market action, check out more Market Domination.",2026-03-04T22:04:12Z,https://finance.yahoo.com/video/big-tech-signs-trumps-ai-220412912.html,Yahoo Finance Video,VIDEO
GOOGL,"Forget Iran, Bitcoin's 2026 Path Will Be Determined By These 2 Factors, Jan Van Eck Says","Jan Van Eck argues that current volatility isn't just about Bitcoin but reflects a broader move across the entire crypto ecosystem, including large-cap names like Coinbase and Circle. Why 2026 Is A Bearish Year For Bitcoin Speaking on CNBC on...",2026-03-05T18:31:13Z,https://finance.yahoo.com/news/forget-iran-bitcoins-2026-path-183113516.html,Benzinga,STORY
GOOGL,Nvidia sinks on report of global AI chip export rules,Investing.com -- NVIDIA Corporation (NASDAQ:NVDA) fell 1.7% Thursday afternoon and Advanced Micro Devices (NASDAQ:AMD) dropped 2% after Bloomberg reported that the Trump administration is drafting regulations requiring licenses for AI chip exports worldwide.,2026-03-05T18:09:24Z,https://finance.yahoo.com/news/nvidia-sinks-report-global-ai-180924078.html,Investing.com,STORY
GOOGL,"US Mulls Requiring Permits for Global Nvidia, AMD AI Chip Sales","Now, the Trump administration is considering taking a formal role in the industry that would include similarly sweeping powers.  US officials have written draft regulations that would restrict AI chip shipments to anywhere in the world without American approval, giving Washington broad control over whether other countries can build facilities for training and running artificial-intelligence models — and under what conditions.  The proposed regulations would require companies to seek US permission for virtually all exports of AI accelerators from the likes of Nvidia and Advanced Micro Devices Inc., a global expansion of curbs that currently cover around 40 countries, according to people familiar with the matter.",2026-03-05T17:41:26Z,https://finance.yahoo.com/news/us-mulls-requiring-permits-global-174126617.html,Bloomberg,STORY
GOOGL,"Cracker Barrel Old Country Store, Inc. Q2 2026 Earnings Call Summary","Moby summary of Cracker Barrel Old Country Store, Inc.'s Q2 2026 earnings call",2026-03-05T17:34:28Z,https://app.moby.co/home/research/tools/earningsCalendar/earnings-cracker-barrel-old-country-store-inc-q2-2026-earnings-call-summary?utm_source=yahoo_finance&utm_medium=rss,Moby,STORY
GOOGL,Trade Desk Stock Jumps Nearly 20%. Why the Shares Are Getting a Big Boost.,The ad technology company’s shares are among the worst-performing in the S&P 500 over the past year.,2026-03-05T17:28:00Z,https://www.barrons.com/articles/trade-desk-stock-openai-ads-04f7086d?siteid=yhoof2&yptr=yahoo,Barrons.com,STORY
GOOGL,Broadcom Shares Jump After CEO Projects AI Chip Revenue Over $100 Billion,Broadcom Surges on Soaring AI Chip Demand and Strong Earnings,2026-03-05T17:03:30Z,https://finance.yahoo.com/news/broadcom-shares-jump-ceo-projects-170330730.html,GuruFocus.com,STORY
GOOGL,Trade Desk Stock Jumps On OpenAI Ad Partnership Report,Trade Desk stock jumped on Thursday amid a report OpenAI has held early talks to partner with the company to help ChatGPT sell ads.,2026-03-05T16:00:50Z,https://www.investors.com/news/technology/trade-desk-stock-jumps-openai-chatgpt-ad-partnership/?src=A00220&yptr=yahoo,Investor's Business Daily,STORY
GOOGL,"Stocks to Watch Thursday: Broadcom, Okta, Trade Desk","↗️ Broadcom (AVGO): The chip and software maker's quarterly results beat forecasts. Artificial-intelligence revenue more than doubled. Shares rallied 5% Thursday morning. ↘️ Morgan Stanley (MS): The bank is laying off around 3% of its workforce, or about 2,500 people, across its three main divisions, WSJ reported.",2026-03-05T15:27:42Z,https://www.wsj.com/livecoverage/stock-market-today-dow-sp-500-nasdaq-03-05-2026/card/stocks-to-watch-thursday-broadcom-stubhub-cracker-barrel-oBWSz38TfDcptuhcq4gQ?siteid=yhoof2&yptr=yahoo,The Wall Street Journal,STORY
GOOGL,Why Broadcom Stock Has Done What Nvidia Couldn’t After Earnings,"Broadcom reported fiscal first-quarter adjusted earnings of $2.05 a share, which beat analyst estimates of $2.03 a share.",2026-03-05T15:00:00Z,https://www.barrons.com/articles/broadcom-avgo-earnings-stock-price-0e2efe3e?siteid=yhoof2&yptr=yahoo,Barrons.com,STORY
META,This founder dropped out of Harvard to reinvent stock picking,"Steven Wang is looking to redefine investing for the next generation, one copy trade at a time. Wang, an entrepreneur and the Founder of dub, the first regulated copy-trading platform, sat down with Yahoo Finance Executive Editor Brian Sozzi on Opening Bid Unfiltered to discuss his entrepreneurial journey, which began in elementary school, his decision to drop out of Harvard, and how he gained backing from several big names including former Meta top exec Sheryl Sandberg and Airbnb Founder Brian Chesky.",2026-03-05T13:00:43Z,https://finance.yahoo.com/video/founder-dropped-harvard-reinvent-stock-130043547.html,Yahoo Finance Video,VIDEO
META,CPUs are back en vogue in the data center,CPUs are back in style thanks to AI.,2026-03-04T18:45:04Z,https://finance.yahoo.com/news/cpus-are-back-en-vogue-in-the-data-center-184504720.html,Yahoo Finance,STORY
META,"Forget Iran, Bitcoin's 2026 Path Will Be Determined By These 2 Factors, Jan Van Eck Says","Jan Van Eck argues that current volatility isn't just about Bitcoin but reflects a broader move across the entire crypto ecosystem, including large-cap names like Coinbase and Circle. Why 2026 Is A Bearish Year For Bitcoin Speaking on CNBC on...",2026-03-05T18:31:13Z,https://finance.yahoo.com/news/forget-iran-bitcoins-2026-path-183113516.html,Benzinga,STORY
META,"Oracle plans thousands of job cuts as data center costs rise, Bloomberg News reports","Enterprise software company Oracle is planning thousands of job cuts as it faces a cash crunch ‌from a massive AI data center expansion effort, Bloomberg ‌News reported on Thursday.  Long a smaller contender in the cloud market, over the ​past year Oracle has emerged as a major player in the business of renting computing power thanks, in part, to its $300 billion deal with OpenAI.  But investors have grown worried about how it would ‌fund the data center ⁠expansion needed to serve OpenAI and other customers, including Elon Musk's xAI and Meta.",2026-03-05T18:13:30Z,https://finance.yahoo.com/news/oracle-plans-thousands-job-cuts-181330521.html,Reuters,STORY
META,Needles in a Haystack: 3 Cathie Wood Stocks That Pay Dividends,"In addition to their impressive stock price rises over the years, each of these disruptive tech companies puts some money directly into their shareholders' pockets.",2026-03-05T17:50:00Z,https://www.fool.com/investing/2026/03/05/needles-in-a-haystack-3-cathie-wood-stocks-that-pa/,Motley Fool,STORY
META,Broadcom Shares Jump After CEO Projects AI Chip Revenue Over $100 Billion,Broadcom Surges on Soaring AI Chip Demand and Strong Earnings,2026-03-05T17:03:30Z,https://finance.yahoo.com/news/broadcom-shares-jump-ceo-projects-170330730.html,GuruFocus.com,STORY
META,Meta to Open Up WhatsApp to Rival AI Chatbots for a Fee Following EU Objections,The move come after the European Commission said it could impose a temporary injunction on the company as part of an antitrust probe into its AI policy.,2026-03-05T15:42:00Z,https://www.wsj.com/business/meta-to-open-up-whatsapp-to-rival-ai-chatbots-for-a-fee-following-eu-objections-10330fe0?siteid=yhoof2&yptr=yahoo,The Wall Street Journal,STORY
META,"Stocks to Watch Thursday: Broadcom, Okta, Trade Desk","↗️ Broadcom (AVGO): The chip and software maker's quarterly results beat forecasts. Artificial-intelligence revenue more than doubled. Shares rallied 5% Thursday morning. ↘️ Morgan Stanley (MS): The bank is laying off around 3% of its workforce, or about 2,500 people, across its three main divisions, WSJ reported.",2026-03-05T15:27:42Z,https://www.wsj.com/livecoverage/stock-market-today-dow-sp-500-nasdaq-03-05-2026/card/stocks-to-watch-thursday-broadcom-stubhub-cracker-barrel-oBWSz38TfDcptuhcq4gQ?siteid=yhoof2&yptr=yahoo,The Wall Street Journal,STORY
META,Meta Platforms Just Made Massive Deals With Both Nvidia and AMD. Which Stock Should You Buy?,The deals are worth tens of billions each and strengthen each chipmaker's position with the hyperscaler.,2026-03-05T15:05:00Z,https://www.fool.com/investing/2026/03/05/meta-platforms-just-made-massive-deals-with-both/,Motley Fool,STORY
META,Why Broadcom Stock Has Done What Nvidia Couldn’t After Earnings,"Broadcom reported fiscal first-quarter adjusted earnings of $2.05 a share, which beat analyst estimates of $2.03 a share.",2026-03-05T15:00:00Z,https://www.barrons.com/articles/broadcom-avgo-earnings-stock-price-0e2efe3e?siteid=yhoof2&yptr=yahoo,Barrons.com,STORY
AMZN,"In 'nice reprieve,' job cut announcements declined last month","Employers revealed plans to slash 48,307 roles last month, compared to the 108,435 job cut announcements seen in January.",2026-03-05T12:52:04Z,https://finance.yahoo.com/news/in-nice-reprieve-job-cut-announcements-declined-last-month-125204515.html,Yahoo Finance,STORY
AMZN,Big Tech signs Trump's AI energy cost pledge,"President Trump announced a new ""ratepayer protection pledge,"" saying energy demand tied to AI data centers could more than triple by 2035, promising American households won't see higher electricity bills as a result. Yahoo Finance Senior Reporter Jennifer Schonberger joins Yahoo Finance host Josh Lipton to discuss the big tech companies under the agreement, Google (GOOG), Microsoft (MSFT), Oracle (ORCL), OpenAI (OPAI.PVT), Amazon (AMZN), and xAI, and their pledge to fully fund new power generation and infrastructure needed for their AI facilities. To watch more expert insights and analysis on the latest market action, check out more Market Domination.",2026-03-04T22:04:12Z,https://finance.yahoo.com/video/big-tech-signs-trumps-ai-220412912.html,Yahoo Finance Video,VIDEO
AMZN,"Forget Iran, Bitcoin's 2026 Path Will Be Determined By These 2 Factors, Jan Van Eck Says","Jan Van Eck argues that current volatility isn't just about Bitcoin but reflects a broader move across the entire crypto ecosystem, including large-cap names like Coinbase and Circle. Why 2026 Is A Bearish Year For Bitcoin Speaking on CNBC on...",2026-03-05T18:31:13Z,https://finance.yahoo.com/news/forget-iran-bitcoins-2026-path-183113516.html,Benzinga,STORY
AMZN,Trade Desk Stock Jumps Nearly 20%. Why the Shares Are Getting a Big Boost.,The ad technology company’s shares are among the worst-performing in the S&P 500 over the past year.,2026-03-05T17:28:00Z,https://www.barrons.com/articles/trade-desk-stock-openai-ads-04f7086d?siteid=yhoof2&yptr=yahoo,Barrons.com,STORY
AMZN,2 Growth Stocks Down 33% and 8% This Year to Buy and Hold for a Decade,It's a great time to buy low.,2026-03-05T17:11:00Z,https://www.fool.com/investing/2026/03/05/2-growth-stocks-down-33-and-8-this-year-to-buy-and/,Motley Fool,STORY
AMZN,Back From the Dead: The Trade Desk Soars as Hope Is Resurrected,"The Trade Desk (NASDAQ:TTD) had been largely left for dead by Wall Street investors over the past year. The ad-tech pioneer, once a high-flying darling of the programmatic advertising space, shed some 60% of its value as Amazon (NASDAQ:AMZN) increasingly encroached on its market share in retail media and connected TV (CTV). Slowing growth and ... Back From the Dead: The Trade Desk Soars as Hope Is Resurrected",2026-03-05T16:55:55Z,https://247wallst.com/investing/2026/03/05/back-from-the-dead-the-trade-desk-soars-as-hope-is-resurrected/,24/7 Wall St.,STORY
AMZN,BlackRock Write-Down Jolts Private Credit Markets,BlackRock’s sudden write-down of a loan tied to an Amazon aggregator is reviving concerns about transparency and risk in the rapidly growing private credit market.,2026-03-05T16:52:00Z,https://www.barrons.com/articles/blackrock-private-credit-write-down-markets-a70fa165?siteid=yhoof2&yptr=yahoo,Barrons.com,STORY
AMZN,Trade Desk Stock Jumps On OpenAI Ad Partnership Report,Trade Desk stock jumped on Thursday amid a report OpenAI has held early talks to partner with the company to help ChatGPT sell ads.,2026-03-05T16:00:50Z,https://www.investors.com/news/technology/trade-desk-stock-jumps-openai-chatgpt-ad-partnership/?src=A00220&yptr=yahoo,Investor's Business Daily,STORY
AMZN,"Stocks to Watch Thursday: Broadcom, Okta, Trade Desk","↗️ Broadcom (AVGO): The chip and software maker's quarterly results beat forecasts. Artificial-intelligence revenue more than doubled. Shares rallied 5% Thursday morning. ↘️ Morgan Stanley (MS): The bank is laying off around 3% of its workforce, or about 2,500 people, across its three main divisions, WSJ reported.",2026-03-05T15:27:42Z,https://www.wsj.com/livecoverage/stock-market-today-dow-sp-500-nasdaq-03-05-2026/card/stocks-to-watch-thursday-broadcom-stubhub-cracker-barrel-oBWSz38TfDcptuhcq4gQ?siteid=yhoof2&yptr=yahoo,The Wall Street Journal,STORY
AMZN,1 S&P 500 Stock on Our Watchlist and 2 We Find Risky,"The S&P 500 (^GSPC) is often seen as a benchmark for strong businesses, but that doesn’t mean every stock is worth owning. Some companies face significant challenges, whether it’s stagnating growth, heavy debt, or disruptive new competitors.",2026-03-05T14:51:53Z,https://finance.yahoo.com/news/1-p-500-stock-watchlist-145153602.html,StockStory,STORY
AMD,"Nvidia, AMD fall on Trump admin. reports; Morgan Stanley job cuts","Yahoo Finance Senior Producer John Hyland tracks Thursday's top moving stocks and biggest market stories in this Market Minute. Morgan Stanley (MS) is cutting 3% of its global workforce. Nvidia (NVDA) and AMD (AMD) stocks are down following a Bloomberg report on potential new regulations from the Trump administration governing global artificial intelligence (AI) chip sales. Stay up to date on the latest market action, minute-by-minute, with Yahoo Finance's Market Minute.",2026-03-05T18:24:59Z,https://finance.yahoo.com/video/nvidia-amd-fall-trump-admin-182459698.html,Yahoo Finance Video,VIDEO
AMD,CPUs are back en vogue in the data center,CPUs are back in style thanks to AI.,2026-03-04T18:45:04Z,https://finance.yahoo.com/news/cpus-are-back-en-vogue-in-the-data-center-184504720.html,Yahoo Finance,STORY
AMD,Nvidia sinks on report of global AI chip export rules,Investing.com -- NVIDIA Corporation (NASDAQ:NVDA) fell 1.7% Thursday afternoon and Advanced Micro Devices (NASDAQ:AMD) dropped 2% after Bloomberg reported that the Trump administration is drafting regulations requiring licenses for AI chip exports worldwide.,2026-03-05T18:09:24Z,https://finance.yahoo.com/news/nvidia-sinks-report-global-ai-180924078.html,Investing.com,STORY
AMD,"US Mulls Requiring Permits for Global Nvidia, AMD AI Chip Sales","Now, the Trump administration is considering taking a formal role in the industry that would include similarly sweeping powers.  US officials have written draft regulations that would restrict AI chip shipments to anywhere in the world without American approval, giving Washington broad control over whether other countries can build facilities for training and running artificial-intelligence models — and under what conditions.  The proposed regulations would require companies to seek US permission for virtually all exports of AI accelerators from the likes of Nvidia and Advanced Micro Devices Inc., a global expansion of curbs that currently cover around 40 countries, according to people familiar with the matter.",2026-03-05T17:41:26Z,https://finance.yahoo.com/news/us-mulls-requiring-permits-global-174126617.html,Bloomberg,STORY
AMD,AMD Expands AI Portfolio With New Ryzen Chips: Can the Tech Deliver?,"AMD expands Ryzen AI 400 Series and PRO chips for next-gen AI PCs, adding Copilot+ support and up to 60 TOPS of AI compute to push deeper into the AI PC market.",2026-03-05T16:31:00Z,https://finance.yahoo.com/news/amd-expands-ai-portfolio-ryzen-163100046.html,Zacks,STORY
AMD,Advanced Micro (AMD) Up 0.9% Since Last Earnings Report: Can It Continue?,Advanced Micro (AMD) reported earnings 30 days ago. What's next for the stock? We take a look at earnings estimates for some clues.,2026-03-05T16:30:04Z,https://finance.yahoo.com/news/advanced-micro-amd-0-9-163004209.html,Zacks,STORY
AMD,Meta Platforms Just Made Massive Deals With Both Nvidia and AMD. Which Stock Should You Buy?,The deals are worth tens of billions each and strengthen each chipmaker's position with the hyperscaler.,2026-03-05T15:05:00Z,https://www.fool.com/investing/2026/03/05/meta-platforms-just-made-massive-deals-with-both/,Motley Fool,STORY
AMD,Why Broadcom Stock Has Done What Nvidia Couldn’t After Earnings,"Broadcom reported fiscal first-quarter adjusted earnings of $2.05 a share, which beat analyst estimates of $2.03 a share.",2026-03-05T15:00:00Z,https://www.barrons.com/articles/broadcom-avgo-earnings-stock-price-0e2efe3e?siteid=yhoof2&yptr=yahoo,Barrons.com,STORY
AMD,Here's Why Advanced Micro Devices (AMD) is a Strong Momentum Stock,"Whether you're a value, growth, or momentum investor, finding strong stocks becomes easier with the Zacks Style Scores, a top feature of the Zacks Premium research service.",2026-03-05T14:50:01Z,https://finance.yahoo.com/news/heres-why-advanced-micro-devices-145001032.html,Zacks,STORY
AMD,Why Advanced Micro Devices (AMD) is a Top Stock for the Long-Term,"Finding strong, market-beating stocks with a positive earnings outlook becomes easier with the Focus List, a top feature of the Zacks Premium portfolio service.",2026-03-05T14:30:03Z,https://finance.yahoo.com/news/why-advanced-micro-devices-amd-143003934.html,Zacks,STORY
AVGO,"Earnings live: Broadcom stock pops on earnings beat, China's JD.com sinks, Okta rises","The S&P 500 was on track for double-digit earnings growth, with more than half of companies having reported Q4 results so far.",2026-03-05T13:07:01Z,https://finance.yahoo.com/news/live/earnings-live-broadcom-stock-pops-on-earnings-beat-chinas-jdcom-sinks-okta-rises-130701190.html,Yahoo Finance,STORY
AVGO,Broadcom earnings underwhelm investors as ROI concerns persist,"Broadcom (AVGO) reported first quarter results that narrowly beat analyst estimates on Wednesday after the closing bell. Adjusted earnings per share (EPS) came in at $2.05 (compared to analyst estimates of $2.03), while adjusted net revenue came in at $19.31 billion (compared to analyst estimates of $19.26 billion). The company forecasts second quarter revenue of $22 billion, topping Wall Street's $20.53 billion estimate. Market Domination Overtime host Josh Lipton goes over the breaking numbers and chats with Creative Strategies CEO and principal analyst Ben Bajarin about his take on the earnings print, why the stock is flat after-hours, and what Broadcom investors need to see from the company. To watch more expert insights and analysis on the latest market action, check out more&nbsp;Market Domination Overtime.",2026-03-04T22:29:14Z,https://finance.yahoo.com/video/broadcom-earnings-underwhelm-investors-roi-222914306.html,Yahoo Finance Video,VIDEO
AVGO,"JFrog (FROG) Shares Skyrocket, What You Need To Know","Shares of software supply chain platform JFrog (NASDAQ:FROG) jumped 5.7% in the morning session after the stock rebounded from a significant drop in the previous trading session, lifted by positive sentiment in the broader software and chip sector.",2026-03-05T18:06:53Z,https://finance.yahoo.com/news/jfrog-frog-shares-skyrocket-know-180653722.html,StockStory,STORY
AVGO,"Stock Market Today: Dow Slammed 900 Points, Ciena Plunges As These Oil Stocks, Chip Firm Rally (Live Coverage)",Stock Market Today: The Dow Jones index dropped Thursday as oil prices spiked. AI leader Broadcom jumped on earnings.,2026-03-05T18:02:19Z,https://www.investors.com/market-trend/stock-market-today/dow-jones-sp500-nasdaq-jobless-claims-broadcom-stock-avgo/?src=A00220&yptr=yahoo,Investor's Business Daily,STORY
AVGO,Why Today’s Worst S&P 500 Stock Is Dropping on a Big Earnings Beat,The networking company reports better-than-expected earnings and revenue for its fiscal first quarter.,2026-03-05T17:36:00Z,https://www.barrons.com/articles/sp-500-worst-stock-ciena-earnings-6e889cd1?siteid=yhoof2&yptr=yahoo,Barrons.com,STORY
AVGO,"These Stocks Are Today’s Movers: Broadcom, Trade Desk, Berkshire Hathaway, Rigetti, Corning, Ciena, Expedia, and More",Shares in Broadcom rise after the chip maker beats Wall Street’s earnings targets for its fiscal first quarter.,2026-03-05T17:32:00Z,https://www.barrons.com/articles/stock-movers-d2bfcf10?siteid=yhoof2&yptr=yahoo,Barrons.com,STORY
AVGO,Dow Jones continues to fall as oil prices climb,"The mood in the tech sector may get a lift from strong results from Broadcom, the ninth-largest company on the S&P 500",2026-03-05T17:21:00Z,https://www.proactiveinvestors.com/companies/news/1088407/dow-jones-set-to-open-lower-but-broadcom-poised-for-gains-1088407.html,Proactive,STORY
AVGO,Broadcom Shows AI Infrastructure Spending Remains Strong,Broadcom dispelled concerns that the buildout of AI infrastructure might be softening with its solid fiscal Q1 results and heady guidance.,2026-03-05T17:08:59Z,https://www.investors.com/news/technology/broadcom-stock-avgo-fiscal-q1-beat-ai-outlook/?src=A00220&yptr=yahoo,Investor's Business Daily,STORY
AVGO,Broadcom Shares Jump After CEO Projects AI Chip Revenue Over $100 Billion,Broadcom Surges on Soaring AI Chip Demand and Strong Earnings,2026-03-05T17:03:30Z,https://finance.yahoo.com/news/broadcom-shares-jump-ceo-projects-170330730.html,GuruFocus.com,STORY
AVGO,"Broadcom Q1 Earnings Beat Estimates, Revenues Up Y/Y, Shares Rise","AVGO beats fiscal Q1 estimates as revenues jump 29.5% to $19.31B, fueled by 106% AI revenue growth; shares climb, and fiscal Q2 outlook points to surging AI demand.",2026-03-05T16:43:00Z,https://finance.yahoo.com/news/broadcom-q1-earnings-beat-estimates-164300443.html,Zacks,STORY
TSM,"Tech stocks today: Nvidia stops H200 chip production, Anthropic restarts talks with Pentagon","Nvidia is shifting H200 chip output, Anthropic is restarting talks with the US military, and Apple is releasing new gadgets for consumers.",2026-03-05T13:59:28Z,https://finance.yahoo.com/news/live/tech-stocks-today-nvidia-stops-h200-chip-production-anthropic-restarts-talks-with-pentagon-135928945.html,Yahoo Finance,STORY
TSM,"Nvidia halts China-bound H200 output, FT reports","<body><p>STORY: :: Nvidia</p><p>Nvidia has reportedly stopped production of its second-most advanced artificial intelligence chips, known as H200 chips, intended for the Chinese market.</p><p>The Financial Times reported the update on Thursday, citing two people with knowledge of the situation.&nbsp;</p><p>The report said the U.S. chipmaker has reallocated manufacturing capacity at chip contract maker TSMC away from making H200 chips to its next-generation Vera Rubin hardware.</p><p>Reuters could not immediately verify the report.</p><p>Nvidia and TSMC did not immediately respond to requests for comment.</p><p>Last week, Nvidia said it had received licenses from the U.S. government to ship ""small amounts"" of its H200 chips to customers in China.</p><p>However, this move suggests Nvidia does not expect any meaningful H200 sales in China in the near term.</p><p>In January, U.S. President Donald Trump's administration gave a formal green light to China-bound sales of Nvidia's H200 chips.</p><p>But shipments remained stalled due to guardrails built into the process.</p></body>",2026-03-05T12:51:52Z,https://finance.yahoo.com/video/nvidia-halts-china-bound-h200-125152096.html,Reuters Videos,VIDEO
TSM,Nvidia Shifts Focus After China Chip Roadblock,Company accelerates Vera Rubin production,2026-03-05T12:24:58Z,https://finance.yahoo.com/news/nvidia-shifts-focus-china-chip-122458420.html,GuruFocus.com,STORY
TSM,"Nvidia Halts China Bound H200 Chip Output, Shifts Focus to Vera Rubin",Production capacity reportedly moved to next-generation AI hardware.,2026-03-05T12:02:48Z,https://finance.yahoo.com/news/nvidia-halts-china-bound-h200-120248594.html,GuruFocus.com,STORY
TSM,Nvidia pulls the plug on China H200 production as Vera Rubin takes priority,"The move confirms what Washington's regulatory whiplash made inevitable: Nvidia has stopped betting on China's AI chip market and redirected its most precious manufacturing resource toward the future Nvidia Corp (NASDAQ:NVDA, XETRA:NVD) has ended production of H200 chips destined for China,...",2026-03-05T11:15:05Z,https://www.proactiveinvestors.com/companies/news/1088388/nvidia-pulls-the-plug-on-china-h200-production-as-vera-rubin-takes-priority-1088388.html,Proactive,STORY
TSM,Nvidia stops production of chips intended for Chinese market,"Nvidia has stopped production of chips intended for the Chinese market, betting that regulatory barriers in Washington and Beijing will continue...",2026-03-05T09:24:23Z,https://finance.yahoo.com/news/nvidia-refocuses-tsmc-capacity-export-050033615.html,Financial Times,STORY
TSM,"Nvidia halts China-bound H200 output, shifts TSMC capacity to Vera Rubin, FT reports","Nvidia has stopped production of its second-most advanced artificial intelligence chips, ‌known as H200 chips, intended for ‌the Chinese market, the Financial Times reported on Thursday.  The U.S. ​chipmaker has reallocated manufacturing capacity at chip contract maker TSMC away from making H200 chips to its next-generation Vera Rubin hardware, the report said, ‌citing two people ⁠with knowledge of the matter.  TSMC ⁠declined to comment, while Nvidia did not immediately respond to a request for comment.",2026-03-05T05:12:22Z,https://finance.yahoo.com/news/nvidia-refocuses-tsmc-capacity-export-051222259.html,Reuters,STORY
TSM,"The Best Stocks to Invest $1,000 in Right Now",There are still some good bargains among AI stocks.,2026-03-05T02:20:00Z,https://www.fool.com/investing/2026/03/04/the-best-stocks-to-invest-1000-in-right-now/,Motley Fool,STORY
TSM,Everspin Tech Q4 Earnings Call Highlights,"Everspin Tech (NASDAQ:MRAM) reported fourth-quarter 2025 results that management said came in toward the high end of its outlook, driven by strength in data center, energy management, and industrial automation end markets. The company also outlined product milestones in its xSPI STT-MRAM portfolio a",2026-03-05T00:57:41Z,https://www.marketbeat.com/instant-alerts/everspin-tech-q4-earnings-call-highlights-2026-03-04/?utm_source=yahoofinance&utm_medium=yahoofinance,MarketBeat,STORY
TSM,TSMC (TSM) Exceeds Market Returns: Some Facts to Consider,"TSMC (TSM) concluded the recent trading session at $357.44, signifying a +1.22% move from its prior day's close.",2026-03-04T22:45:02Z,https://finance.yahoo.com/news/tsmc-tsm-exceeds-market-returns-224502780.html,Zacks,STORY
CEG,Why Constellation Energy Stock Surged 17.5% in February,Constellation Energy is capitalizing on surging power demand.,2026-03-05T13:25:00Z,https://www.fool.com/investing/2026/03/05/why-constellation-energy-stock-surged-175-in-febru/,Motley Fool,STORY
CEG,Constellation Energy Corporation (CEG) is Attracting Investor Attention: Here is What You Should Know,"Zacks.com users have recently been watching Constellation Energy Corporation (CEG) quite a bit. Thus, it is worth knowing the facts that could determine the stock's prospects.",2026-03-03T14:00:06Z,https://finance.yahoo.com/news/constellation-energy-corporation-ceg-attracting-140006100.html,Zacks,STORY
CEG,"$1.4 Trillion Needed for AI Data Center Electrification by 2030, Chief Investment Officer","One quote is doing a lot of heavy lifting right now in energy circles. That single stat reframes the entire AI infrastructure trade. Everyone is chasing the picks and shovels of AI compute. But the real bottleneck isn’t chips or servers. It’s power. Chief Investment Officer Robert Schein gave a great reminder of it this ... $1.4 Trillion Needed for AI Data Center Electrification by 2030, Chief Investment Officer",2026-03-03T13:21:08Z,https://247wallst.com/investing/2026/03/03/1-4-trillion-needed-for-ai-data-center-electrification-by-2030-chief-investment-officer/,24/7 Wall St.,STORY
CEG,Constellation Energy-Calpine Deal Ties Largest Power Producer To AI Demand,"Constellation Energy (NasdaqGS:CEG) has completed its acquisition of Calpine, creating what the company describes as the largest electricity producer in the United States. The combined business is entering long term power supply agreements with data center operator CyrusOne to deliver electricity for large scale facilities tied to AI and cloud computing. These moves expand Constellation Energy’s generation footprint and link a bigger share of its output to data center and AI related...",2026-03-03T13:09:18Z,https://finance.yahoo.com/news/constellation-energy-calpine-deal-ties-130918244.html,Simply Wall St.,STORY
CEG,3 Straightforward ETF Plays to Build AI Exposure Into a Portfolio,Three AI-focused ETFs launched in the last year and have already stood out for their excellent returns; each provides a broad access point to the industry.,2026-03-02T18:09:00Z,https://www.marketbeat.com/stock-ideas/3-straightforward-etf-plays-to-build-ai-exposure-into-a-portfolio/?utm_source=yahoofinance&utm_medium=yahoofinance,MarketBeat,STORY
CEG,Is Constellation Energy Stock Outperforming the S&P 500?,"As Constellation Energy has outpaced the S&P 500 Index over the past year, analysts are strongly optimistic about the stock’s prospects.",2026-03-02T15:52:06Z,https://www.barchart.com/story/news/512861/is-constellation-energy-stock-outperforming-the-s-p-500,Barchart,STORY
CEG,Utilities: The Unexpected AI Infrastructure Trade,Surging AI and data center demand is reshaping the utilities sector from a somewhat defensive yield play into a potential structural growth story.,2026-03-02T12:08:00Z,https://www.marketbeat.com/stock-ideas/utilities-the-unexpected-ai-infrastructure-trade/?utm_source=yahoofinance&utm_medium=yahoofinance,MarketBeat,STORY
CEG,Constellation Energy (CEG) Positioned for Growth as PJM Market Developments Support Demand,"Constellation Energy Corporation (NASDAQ:CEG) is included among the 13 Best Income Stocks with Highest Upside Potential. On February 27, TD Cowen raised its price recommendation on Constellation Energy Corporation (NASDAQ:CEG) to $454 from $440. The firm reiterated a Buy rating on the shares. The firm said that while the company’s guidance remains strong, it expects […]",2026-03-01T03:11:55Z,https://finance.yahoo.com/news/constellation-energy-ceg-positioned-growth-031155225.html,Insider Monkey,STORY
CEG,Vistra Corp. (VST): A Bull Case Theory,"We came across a bullish thesis on Vistra Corp. on r/Valueinvesting by Vig_Newtons. In this article, we will summarize the bulls’ thesis on VST. Vistra Corp.’s share was trading at $171.49 as of February 16th. VST’s trailing and forward P/E were 61.69 and 17.92 respectively according to Yahoo Finance. Vistra Corp. (VST) has emerged as a differentiated player within the utility landscape, particularly when compared to larger XLU constituents such as NextEra Energy and Constellation […]",2026-02-28T15:05:29Z,https://finance.yahoo.com/news/vistra-corp-vst-bull-case-150529429.html,Insider Monkey,STORY
CEG,Constellation Energy Expansion Links Calpine Deal And Data Center Growth,"Constellation Energy (NasdaqGS:CEG) completed its acquisition of Calpine Corporation, creating one of the largest electricity producers in the United States. The company expanded its power agreements with data center operators, including CyrusOne and Microsoft, targeting high-demand digital infrastructure. Constellation secured a Department of Energy loan guarantee to restart the Crane Clean Energy Center. Regulators approved 20 year license renewals for several core nuclear plants,...",2026-02-28T07:10:13Z,https://finance.yahoo.com/news/constellation-energy-expansion-links-calpine-071013253.html,Simply Wall St.,STORY
VST,This Highly-Underrated Investment Pro is Quietly Beating the Market By a Landslide,"It’s great to follow the big names in the hedge fund crowd, and while it’s nice to have a go-to list of hedge funds to keep tabs on after the latest round of 13-F filings drops, I’d argue that it also makes sense to broaden your horizons. Undoubtedly, it’s hard to beat the S&P 500 ... This Highly-Underrated Investment Pro is Quietly Beating the Market By a Landslide",2026-03-05T13:40:20Z,https://247wallst.com/investing/2026/03/05/this-highly-underrated-investment-pro-is-quietly-beating-the-market-by-a-landslide/,24/7 Wall St.,STORY
VST,Vistra Corp. (VST) Is a Trending Stock: Facts to Know Before Betting on It,"Vistra (VST) has received quite a bit of attention from Zacks.com users lately. Therefore, it is wise to be aware of the facts that can impact the stock's prospects.",2026-03-04T14:00:07Z,https://finance.yahoo.com/news/vistra-corp-vst-trending-stock-140007408.html,Zacks,STORY
VST,Intelligent Alpha CEO’s Top Mag-7 Picks: Google and Apple for Personal AI,"The CEO of Intelligent Alpha has a clear thesis for 2026: personal AI is the dominant theme, and two Mag-7 giants are best positioned to own it. “You have to look at Google and Apple. And for a very specific reason. It’s personal AI, which I think will be the biggest theme in AI this ... Intelligent Alpha CEO’s Top Mag-7 Picks: Google and Apple for Personal AI",2026-03-04T13:22:47Z,https://247wallst.com/investing/2026/03/04/intelligent-alpha-ceos-top-mag-7-picks-google-and-apple-for-personal-ai/,24/7 Wall St.,STORY
VST,Here’s What Hurt Vistra Corp. (VST) in Q4,"Carillon Tower Advisers, an investment management company, released its fourth-quarter 2025 investor letter for the “Carillon Eagle Mid Cap Growth Fund”. A copy of the letter can be downloaded here. The fourth quarter of 2025 saw mixed results for midcap stocks. Among the style indexes, the Russell Midcap® Growth Index decreased by 3.70%, while the Russell Midcap® […]",2026-03-04T12:58:31Z,https://finance.yahoo.com/news/hurt-vistra-corp-vst-q4-125831256.html,Insider Monkey,STORY
VST,"$1.4 Trillion Needed for AI Data Center Electrification by 2030, Chief Investment Officer","One quote is doing a lot of heavy lifting right now in energy circles. That single stat reframes the entire AI infrastructure trade. Everyone is chasing the picks and shovels of AI compute. But the real bottleneck isn’t chips or servers. It’s power. Chief Investment Officer Robert Schein gave a great reminder of it this ... $1.4 Trillion Needed for AI Data Center Electrification by 2030, Chief Investment Officer",2026-03-03T13:21:08Z,https://247wallst.com/investing/2026/03/03/1-4-trillion-needed-for-ai-data-center-electrification-by-2030-chief-investment-officer/,24/7 Wall St.,STORY
VST,Vistra’s Data Center Power Deals And Acquisitions Leave Valuation Question Open,"Vistra (NYSE:VST) has completed its acquisition of Lotus Infrastructure Partners, adding new natural gas generation capacity. The company has announced an agreement to acquire Cogentrix Energy, expanding its power generation portfolio. Vistra has signed long term nuclear power purchase agreements with Amazon Web Services and Meta to supply energy for data centers. Vistra comes into these deals with a share price of $165.99 and a 3 year return of about 7x, alongside a 34.6% return over the...",2026-03-03T07:10:23Z,https://finance.yahoo.com/news/vistra-data-center-power-deals-071023456.html,Simply Wall St.,STORY
VST,"Vistra's Q4 Earnings Miss Estimates, Revenues Increase Y/Y","VST's Q4 earnings miss estimates, and revenues rise 13.5% year over year. The company outlines a 2026 EBITDA outlook of up to $7.6B and strong free cash flow.",2026-03-02T13:04:00Z,https://finance.yahoo.com/news/vistras-q4-earnings-miss-estimates-130400765.html,Zacks,STORY
VST,Utilities: The Unexpected AI Infrastructure Trade,Surging AI and data center demand is reshaping the utilities sector from a somewhat defensive yield play into a potential structural growth story.,2026-03-02T12:08:00Z,https://www.marketbeat.com/stock-ideas/utilities-the-unexpected-ai-infrastructure-trade/?utm_source=yahoofinance&utm_medium=yahoofinance,MarketBeat,STORY
VST,Vistra Q4 Earnings Call Highlights,Vistra (NYSE:VST) executives told investors the company delivered record financial results in 2025 while positioning the business for what management described as structurally stronger electricity demand and a multi-year set of growth and contracting opportunities. Record 2025 results and operation,2026-03-01T06:08:14Z,https://www.marketbeat.com/instant-alerts/vistra-q4-earnings-call-highlights-2026-03-01/?utm_source=yahoofinance&utm_medium=yahoofinance,MarketBeat,STORY
VST,Vistra (VST) Price Target Trimmed Despite Strong Earnings Performance,"Vistra Corp. (NYSE:VST) is included among the 13 Best March Dividend Stocks to Buy. On February 27, Wells Fargo lowered its price recommendation on Vistra Corp. (NYSE:VST) to $234 from $236. It maintained an Overweight rating on the shares. The firm said the company delivered a solid earnings beat and provided long-term guidance that aligned […]",2026-03-01T02:00:10Z,https://finance.yahoo.com/news/vistra-vst-price-target-trimmed-020010882.html,Insider Monkey,STORY
TSLA,BofA reinstates Tesla coverage on robotaxi prospects,"Bank of America analysts are all in on Tesla (TSLA), reinstating a new bullish coverage of the EV stock with a Buy rating. Yahoo Finance Senior Autos Reporter Pras Subramanian covers the latest Wall Street buzz over Tesla's expanding robotaxi services. To watch more expert insights and analysis on the latest market action, check out more&nbsp;Asking for a Trend.",2026-03-04T21:56:56Z,https://finance.yahoo.com/video/bofa-reinstates-tesla-coverage-robotaxi-215656071.html,Yahoo Finance Video,VIDEO
TSLA,"Prediction Markets Let You Bet on Anything, but This AI Stock Is the Surest Bet I've Seen",Investors should cast a wide net when looking for lucrative artificial intelligence (AI) stocks.,2026-03-05T18:25:00Z,https://www.fool.com/investing/2026/03/05/prediction-markets-let-you-bet-on-anything-but-thi/,Motley Fool,STORY
TSLA,"Elon Musk's Tesla Loses Toyota, Stellantis From EU Carbon Credits Pool: Report","(Editor’s note: The story has been updated to include Toyota’s statement) Tesla Inc. has reportedly lost Toyota Motor Corp and Stellantis NV from its carbon credits pool in the European Union. Tesla Loses A Revenue Stream Toyota and Stellantis have pulled out of Tesla's CO2 emissions pool for 2026, filings obtained by Electrek showed on Tuesday. The report says that the two automakers were among the biggest customers of carbon credits in the region Tesla's pool reportedly included the likes of L",2026-03-05T16:01:12Z,https://finance.yahoo.com/news/elon-musks-tesla-loses-toyota-160112247.html,Benzinga,STORY
TSLA,Tesla’s European Rebound Meets Berlin Labor Shifts And High-Valuation Questions,"Tesla has recorded a rebound in European sales and market share in key markets such as France, Norway, and Spain after several quarters of sharp decline. The recovery coincides with unionization and labor developments at the Berlin Gigafactory, including a works council election. Tesla is increasing its focus on AI, robotics, and Robotaxi services at the same time as these European operational and labor changes. Tesla (NasdaqGS:TSLA), trading at $405.94, is working through a mix of...",2026-03-05T15:12:33Z,https://finance.yahoo.com/news/tesla-european-rebound-meets-berlin-151233804.html,Simply Wall St.,STORY
TSLA,Billionaire Investor Buys Nvidia Stock. What He Sees in the Struggling Shares.,Nvidia got a big investment from billionaire IT entrepreneur Leo Koguan as investors assess the results of its chip maker peer Broadcom.,2026-03-05T14:48:00Z,https://www.barrons.com/articles/nvidia-stock-price-billionaire-investor-buy-91cfdaf3?siteid=yhoof2&yptr=yahoo,Barrons.com,STORY
TSLA,The Mag 7 Are Dead. How the Hottest Trade of the Decade Fizzled Out.,"Sure, they had a great run. But they were overpriced, free-spending—and, as it turns out, vulnerable to AI.",2026-03-05T14:36:00Z,https://www.barrons.com/articles/mag-7-stocks-dead-nvidia-facebook-amazon-google-03726dbb?siteid=yhoof2&yptr=yahoo,Barrons.com,STORY
TSLA,Elon Musk: Tesla's Robots Could Be The First 'Atom-Shaping' AGI,"Tesla, Inc. CEO Elon Musk continues to raise the stakes on his AI vision, arguing that Tesla could be among the first companies to create artificial general intelligence—and to embody it in humanoid robots. Elon Musk's Claim In an early morning post on X, he said Tesla will be one of the firms to make AGI and ""probably the first to make it in humanoid/atom-shaping form,"" expressing his view of the company as a front‑runner in the race for human‑level AI. Tesla will be one of the companies to mak",2026-03-05T11:46:11Z,https://finance.yahoo.com/news/elon-musk-teslas-robots-could-114611650.html,Benzinga,STORY
TSLA,"Social Buzz: Wallstreetbets Stocks Mixed Pre-Bell Thursday; Broadcom to Advance, Webull to Decline",The most-talked-about stocks in the Reddit subforum Wallstreetbets were mixed hours before Thursday',2026-03-05T11:39:27Z,https://finance.yahoo.com/news/social-buzz-wallstreetbets-stocks-mixed-113927670.html,MT Newswires,STORY
TSLA,"2 Popular Artificial Intelligence (AI) Stocks to Sell Before They Drop by as Much as 94%, According to Select Wall Street Analysts",Two analysts have big concerns about these stocks.,2026-03-05T10:50:00Z,https://www.fool.com/investing/2026/03/05/2-popular-artificial-intelligence-ai-stocks-to-sel/,Motley Fool,STORY
TSLA,Why Tesla Stock Price Targets on Wall Street Are Useless,Investors should be wary of using Wall Street’s Tesla price targets when evaluating shares of Elon Musk’s EV maker.,2026-03-05T09:16:00Z,https://www.barrons.com/articles/tesla-stock-price-targets-a417a880?siteid=yhoof2&yptr=yahoo,Barrons.com,STORY
ORCL,Big Tech signs Trump's AI energy cost pledge,"President Trump announced a new ""ratepayer protection pledge,"" saying energy demand tied to AI data centers could more than triple by 2035, promising American households won't see higher electricity bills as a result. Yahoo Finance Senior Reporter Jennifer Schonberger joins Yahoo Finance host Josh Lipton to discuss the big tech companies under the agreement, Google (GOOG), Microsoft (MSFT), Oracle (ORCL), OpenAI (OPAI.PVT), Amazon (AMZN), and xAI, and their pledge to fully fund new power generation and infrastructure needed for their AI facilities. To watch more expert insights and analysis on the latest market action, check out more Market Domination.",2026-03-04T22:04:12Z,https://finance.yahoo.com/video/big-tech-signs-trumps-ai-220412912.html,Yahoo Finance Video,VIDEO
ORCL,"Oracle plans thousands of job cuts as data center costs rise, Bloomberg News reports","Enterprise software company Oracle is planning thousands of job cuts as it faces a cash crunch ‌from a massive AI data center expansion effort, Bloomberg ‌News reported on Thursday.  Long a smaller contender in the cloud market, over the ​past year Oracle has emerged as a major player in the business of renting computing power thanks, in part, to its $300 billion deal with OpenAI.  But investors have grown worried about how it would ‌fund the data center ⁠expansion needed to serve OpenAI and other customers, including Elon Musk's xAI and Meta.",2026-03-05T18:13:30Z,https://finance.yahoo.com/news/oracle-plans-thousands-job-cuts-181330521.html,Reuters,STORY
ORCL,Oracle plans thousands of job cuts in face of AI cash crunch,"Led by Chairman Larry Ellison, Oracle is embarking on a historic build-out of data centers to power AI workloads for customers such as OpenAI.  The company, long known for its database software, has been making a transition the past few years to bulk up its cloud computing unit with a focus on AI, intending to become a viable competitor to market leaders Amazon.com Inc. and Microsoft Corp.  Wall Street projects the expenditures by the cloud unit for data centers to push Oracle’s cash flow negative over the coming years before the spending begins to pay off in 2030, according to data compiled by Bloomberg.",2026-03-05T18:02:43Z,https://finance.yahoo.com/news/oracle-plans-thousands-job-cuts-180243222.html,Bloomberg,STORY
ORCL,"Crypto Currents: Bitcoin tops $71,000 as ETF inflows return","Claim 70% Off TipRanks PremiumUnlock hedge fund-level data and powerful investing tools for smarter, sharper decisions Stay ahead of the market with the latest news and analysis and maximize your portfolio's potential Bitcoin (BTC-USD) reclaimed the $71,000 level Wednesday morning after days of selling pressure tied to the U.S.-Israeli strikes on Iran. Crypto-linked equities were surging in pre-market trading, with Strategy Lookonchain. Underpinning the rally: a landmark Federal Reserve decision",2026-03-05T16:45:36Z,https://finance.yahoo.com/news/crypto-currents-bitcoin-tops-71-164536023.html,TipRanks,STORY
ORCL,Is Oracle (ORCL) Fairly Priced After Recent Share Price Weakness?,"If you are wondering whether Oracle's current share price reflects its true worth, you are not alone. This article will focus squarely on what the numbers say about value. Oracle recently closed at US$152.37, with returns of 3.0% over the last 7 days, a 4.8% decline over 30 days, a 22.1% decline year to date, and a 4.7% decline over 1 year. The 3 year and 5 year returns sit at 78.5% and 126.2% respectively. These mixed returns have kept Oracle on many investors' watchlists, as the stock...",2026-03-05T16:07:39Z,https://finance.yahoo.com/news/oracle-orcl-fairly-priced-recent-160739032.html,Simply Wall St.,STORY
ORCL,Mixed options sentiment in Oracle with shares up 2.07%,"Mixed options sentiment in Oracle (ORCL), with shares up $3.09, or 2.07%, near $152.10. Options volume relatively light with 74k contracts traded and calls leading puts for a put/call ratio of 0.45, compared to a typical level near 1.27. Implied volatility (IV30) dropped 1.45 near 71.13, in the highest 10% of observations over the past year, suggesting an expected daily move of $6.82. Put-call skew steepened, indicating increased demand for downside protection.Looking ahead: Oracle (ORCL) will r",2026-03-05T16:05:26Z,https://finance.yahoo.com/news/mixed-options-sentiment-oracle-shares-160526859.html,TipRanks,STORY
ORCL,"Stocks to Watch Thursday: Broadcom, Okta, Trade Desk","↗️ Broadcom (AVGO): The chip and software maker's quarterly results beat forecasts. Artificial-intelligence revenue more than doubled. Shares rallied 5% Thursday morning. ↘️ Morgan Stanley (MS): The bank is laying off around 3% of its workforce, or about 2,500 people, across its three main divisions, WSJ reported.",2026-03-05T15:27:42Z,https://www.wsj.com/livecoverage/stock-market-today-dow-sp-500-nasdaq-03-05-2026/card/stocks-to-watch-thursday-broadcom-stubhub-cracker-barrel-oBWSz38TfDcptuhcq4gQ?siteid=yhoof2&yptr=yahoo,The Wall Street Journal,STORY
ORCL,Adobe Systems (ADBE) Earnings Expected to Grow: What to Know Ahead of Next Week's Release,Adobe (ADBE) doesn't possess the right combination of the two key ingredients for a likely earnings beat in its upcoming report. Get prepared with the key expectations.,2026-03-05T15:00:03Z,https://finance.yahoo.com/news/adobe-systems-adbe-earnings-expected-150003678.html,Zacks,STORY
ORCL,"Down 24% in 2026, Should You Buy the Dip in Oracle Stock?","With soaring AI investments, rising debt, and legal scrutiny swirling around Oracle, is the stock’s 2026 slide a golden buying opportunity or a red flag?",2026-03-05T14:00:02Z,https://www.barchart.com/story/news/583650/down-24-in-2026-should-you-buy-the-dip-in-oracle-stock,Barchart,STORY
ORCL,Big Tech Joins White House Energy Pledge as Iran Tensions Threaten Higher Costs,"Amazon, Google, Meta, Microsoft, OpenAI, Oracle, and xAI agreed to fund electricity supply and grid upgrades as AI energy demands spike.",2026-03-05T03:37:46Z,https://decrypt.co/360059/big-tech-white-house-energy-pledge-iran-higher-costs,decrypt,STORY
CRM,Software Stocks Are Roaring Back,"The Nasdaq Composite is riding a rally in software stocks back into positive territory. The iShares Expanded Tech-Software Sector ETF, or IGV, rallied 2.6% after joining in on Wednesday's risk-on rally.",2026-03-05T15:02:05Z,https://www.barrons.com/livecoverage/stock-market-news-today-030526/card/software-stocks-are-roaring-back-FqKpDAni57VtSO0IzxWy?siteid=yhoof2&yptr=yahoo,Barrons.com,STORY
CRM,Salesforce Stock Might Not Be an AI Loser After All,"AI agents like Claude Cowork have terrified software investors, but Salesforce’s early response looks encouraging.",2026-03-05T14:12:00Z,https://www.barrons.com/articles/salesforce-stock-price-ai-software-59dd46a8?siteid=yhoof2&yptr=yahoo,Barrons.com,STORY
CRM,Jim Cramer Considers Workday’s New CEO “Terrific”,"Workday, Inc. (NASDAQ:WDAY) is one of the stocks on Jim Cramer’s radar. Cramer highlighted the AI threat for companies like Workday, as he stated: Let’s talk about what’s really going on. Something that could change the focus of the entire market. You know that the tech stocks have been very troubled of late. Enough with […]",2026-03-05T11:45:50Z,https://finance.yahoo.com/news/jim-cramer-considers-workday-ceo-114550365.html,Insider Monkey,STORY
CRM,Salesforce Inc. (CRM) Leverages AI to Transform Fan and Customer Engagement,"Salesforce Inc. (NYSE:CRM) is one of the best blue chip stocks to buy for the long term. On March 3, 2026, Salesforce Inc. (NYSE:CRM) and Formula 1 announced the launch of a new fan companion agent. This tool will be available on F1.com and will help F1’s 827 million fans understand the new 2026 regulations […]",2026-03-05T00:40:24Z,https://finance.yahoo.com/news/salesforce-inc-crm-leverages-ai-004024746.html,Insider Monkey,STORY
CRM,"Morgan Stanley Lays Off 2,500 Employees Across All Divisions",The layoffs of 3% of the workforce are tied to shifting business priorities and individual job performance.,2026-03-04T22:01:00Z,https://www.wsj.com/finance/banking/morgan-stanley-lays-off-2-500-employees-across-all-divisions-5e6d4b25?siteid=yhoof2&yptr=yahoo,The Wall Street Journal,STORY
CRM,HubSpot and Other Software Stocks Are Bouncing Back. Their Next Move Could Come Soon.,"The iShares Expanded Tech-Software Sector Exchange-Traded fund—which owns large software names such as  Microsoft Oracle Salesforce  Adobe, and  Palantir  —is up 12% since late February, after a brutal monthslong selloff.  The market is concerned that the privately-owned AI pioneers Anthropic and OpenAI will take market share from the many software vendors that provide tools to businesses and people.  The industry’s early recovery comes as bargain hunters take a chance on these beaten-down names, betting that some can still thrive despite AI.",2026-03-04T20:16:00Z,https://www.barrons.com/articles/hubspot-salesforce-software-ai-stocks-d37bed31?siteid=yhoof2&yptr=yahoo,Barrons.com,STORY
CRM,Salesforce Uses Formula 1 Deal To Showcase Agentforce AI Growth Potential,"Salesforce (NYSE:CRM) and Formula 1 are expanding their partnership to launch an AI-powered fan companion agent using Salesforce's Agentforce platform. The new agent is designed to scale and personalize engagement for F1’s global fanbase across digital channels. Formula 1 is also further deploying Agentforce 360 across its digital ecosystem as part of this collaboration. For you as an investor, this move adds practical detail to Salesforce's push into AI driven customer engagement tools...",2026-03-04T20:12:02Z,https://finance.yahoo.com/news/salesforce-uses-formula-1-deal-201202682.html,Simply Wall St.,STORY
CRM,"Salesforce (CRM): Buy, Sell, or Hold Post Q4 Earnings?","Over the past six months, Salesforce’s shares (currently trading at $195.64) have posted a disappointing 19.8% loss, well below the S&P 500’s 5.7% gain. This might have investors contemplating their next move.",2026-03-04T18:30:42Z,https://finance.yahoo.com/news/salesforce-crm-buy-sell-hold-183042028.html,StockStory,STORY
CRM,Meet the Companies Vibe Coding Their Own CRMs,Predictions that AI tools could help displace established business software are quietly coming true in some segments of the market.,2026-03-04T16:00:00Z,https://www.wsj.com/cio-journal/meet-the-companies-vibe-coding-their-own-crms-263e500f?siteid=yhoof2&yptr=yahoo,The Wall Street Journal,STORY
CRM,HubSpot Rides on Holistic Growth Focus: Should You Take the Bait?,"HUBS bets on AI, unified customer data and its One Hub strategy to drive adoption, cross-selling and long-term growth despite weak stock performance.",2026-03-04T14:24:00Z,https://finance.yahoo.com/news/hubspot-rides-holistic-growth-focus-142400808.html,Zacks,STORY
PLTR,1 S&P 500 Stock to Own for Decades and 2 We Find Risky,"The S&P 500 (^GSPC) is home to the biggest and most well-known companies in the market, making it a go-to index for investors seeking stability. But not all large-cap stocks are created equal - some are struggling with slowing growth, declining margins, or increased competition.",2026-03-05T17:01:53Z,https://finance.yahoo.com/news/1-p-500-stock-own-170153670.html,StockStory,STORY
PLTR,"Apple, Microsoft, Palantir Lead Wedbush Top Tech Picks Amid Iran Tensions",CrowdStrike and Palo Alto Shine as AI-Driven Cybersecurity Gains Traction,2026-03-05T16:59:07Z,https://finance.yahoo.com/news/apple-microsoft-palantir-lead-wedbush-165907289.html,GuruFocus.com,STORY
PLTR,Match Group (MTCH) Up 0.6% Since Last Earnings Report: Can It Continue?,Match Group (MTCH) reported earnings 30 days ago. What's next for the stock? We take a look at earnings estimates for some clues.,2026-03-05T16:30:12Z,https://finance.yahoo.com/news/match-group-mtch-0-6-163012472.html,Zacks,STORY
PLTR,Palantir CEO’s rant about the Anthropic-Pentagon feud threatening his company was about a lot more than a dirty word,"Although he could have used other language, Palantir CEO Alex Karp's comments reflected a growing concern of who can dictate the terms of use for AI.",2026-03-05T15:34:42Z,https://finance.yahoo.com/news/palantir-ceo-rant-anthropic-pentagon-153442089.html,Fortune,STORY
PLTR,Peter Thiel Is Dumping Palantir Stock. Should You?,"Peter Thiel’s plan to sell $280 million worth of shares has raised investor questions, but analysts largely view it as routine liquidity rather than a negative signal.",2026-03-05T15:33:50Z,https://www.barchart.com/story/news/586393/peter-thiel-is-dumping-palantir-stock-should-you,Barchart,STORY
PLTR,How Much Upside is Left in Palantir Technologies (PLTR)? Wall Street Analysts Think 30.82%,"The consensus price target hints at a 30.8% upside potential for Palantir Technologies (PLTR). While empirical research shows that this sought-after metric is hardly effective, an upward trend in earnings estimate revisions could mean that the stock will witness an upside in the near term.",2026-03-05T14:55:02Z,https://finance.yahoo.com/news/much-upside-left-palantir-technologies-145502062.html,Zacks,STORY
PLTR,War Risk Is Real and QQQ Investors Simply Do Not Care,"Oil is up double digits in a month, the VIX is sitting at 23.57, and Reddit is calling it “Black Swan Territory” — yet the retail crowd holding NVIDIA, Meta, and Microsoft is not selling. The Invesco QQQ Trust (NASDAQ:QQQ) is down 0.71% over the past week and 1.08% over the past month, yet retail ... War Risk Is Real and QQQ Investors Simply Do Not Care",2026-03-05T14:41:58Z,https://247wallst.com/investing/2026/03/05/war-risk-is-real-and-qqq-investors-simply-do-not-care/,24/7 Wall St.,STORY
PLTR,Is Palantir Stock a Best Buy in March?,Palantir has fallen significantly from its highs.,2026-03-05T13:32:00Z,https://www.fool.com/investing/2026/03/05/is-palantir-stock-a-best-buy-in-march/,Motley Fool,STORY
PLTR,"Dow Jones Futures Fall, Oil Prices Rise Again; AI Chip Giant Broadcom Jumps",The stock market rallied Wednesday but the major indexes are still below their 50-day lines. Broadcom earnings topped views late.,2026-03-05T13:18:29Z,https://www.investors.com/market-trend/stock-market-today/dow-jones-futures-broadcom-earnings/?src=A00220&yptr=yahoo,Investor's Business Daily,STORY
PLTR,"In the Iran war, it’s not the oil that’s important—it’s the water",Today’s Fortune 500 Digest.,2026-03-05T12:50:22Z,https://finance.yahoo.com/news/iran-war-not-oil-important-125022977.html,Fortune,STORY
